{
  "project_info": {
    "project_number": "478247156989",
    "project_id": "neture-550c0",
    "storage_bucket": "neture-550c0.appspot.com"
  },
  "client": [
    {
      "client_info": {
        "mobilesdk_app_id": "1:478247156989:android:c3780768e9701a7de59294",
        "android_client_info": {
          "package_name": "com.example.create_mission"
        }
      },
      "oauth_client": [],
      "api_key": [
        {
          "current_key": "AIzaSyDnX0wy1z4HuKa7QnesZhivP8tf1S5basU"
        }
      ],
      "services": {
        "appinvite_service": {
          "other_platform_oauth_client": []
        }
      }
    },
    {
      "client_info": {
        "mobilesdk_app_id": "1:478247156989:android:c86584a28868299de59294",
        "android_client_info": {
          "package_name": "com.example.login_neture"
        }
      },
      "oauth_client": [],
      "api_key": [
        {
          "current_key": "AIzaSyDnX0wy1z4HuKa7QnesZhivP8tf1S5basU"
        }
      ],
      "services": {
        "appinvite_service": {
          "other_platform_oauth_client": []
        }
      }
    },
    {
      "client_info": {
        "mobilesdk_app_id": "1:478247156989:android:135d2f9b494fccd0e59294",
        "android_client_info": {
          "package_name": "com.example.neture"
        }
      },
      "oauth_client": [],
      "api_key": [
        {
          "current_key": "AIzaSyDnX0wy1z4HuKa7QnesZhivP8tf1S5basU"
        }
      ],
      "services": {
        "appinvite_service": {
          "other_platform_oauth_client": []
        }
      }
    },
    {
      "client_info": {
        "mobilesdk_app_id": "1:478247156989:android:46355446127ddf28e59294",
        "android_client_info": {
          "package_name": "com.example.neture2"
        }
      },
      "oauth_client": [],
      "api_key": [
        {
          "current_key": "AIzaSyDnX0wy1z4HuKa7QnesZhivP8tf1S5basU"
        }
      ],
      "services": {
        "appinvite_service": {
          "other_platform_oauth_client": []
        }
      }
    },
    {
      "client_info": {
        "mobilesdk_app_id": "1:478247156989:android:8f9d971269f22296e59294",
        "android_client_info": {
          "package_name": "com.example.neture_login"
        }
      },
      "oauth_client": [],
      "api_key": [
        {
          "current_key": "AIzaSyDnX0wy1z4HuKa7QnesZhivP8tf1S5basU"
        }
      ],
      "services": {
        "appinvite_service": {
          "other_platform_oauth_client": []
        }
      }
    }
  ],
  "configuration_version": "1"
}